Bethel School District,school
Canterbury School District,school
Chaplin School District,school
Colebrook School District,school
Colebrook Consolidated School,school
Horace W. Porter School,school
Eastford Elementary School,school
East Haddam School District,school
Nathan Hale-Ray High School,school
Farmington School District,school
Old Greenwich School,school
Guilford School District,school
Kent Center School,school
Killingly School District,school
Center School,school
Litchfield Intermediate School,school
Litchfield High School,school
Lawrence School,school
New Britain School District,school
North Canaan Elementary School,school
Wolfpit School,school
Plainfield High School,school
Ridgefield School District,school
Farmingville Elementary School,school
Salisbury Central School,school
Sharon Center School,school
Shelton School District,school
Intermediate School,school
Sterling School District,school
Voluntown School District,school
West Haven High School,school
RHAM High School,school
Nonnewaug High School,school
University of Hartford Magnet School,school
Regional Multicultural Magnet School,school
Connecticut River Academy,school
Brooklyn Correctional Institution,school
Enfield Correctional Institution,school
Osborn Correctional Institution,school
Robinson Correctional Institution,school
River Valley Services,school
Ansonia High School,school
Parkville Community School,school
Orville H. Platt High School,school
Smith Middle School,school
Jennings School,school
Gideon Welles School,school
Old Saybrook School District,school
Masuk High School,school
Middletown High School,school
East Hartford High School,school
Tolland Intermediate School,school
New Milford School District,school
Lincoln-Bassett School,school
Governor William Pitkin School,school
Hallen School,school
Eli Terry Jr. Middle School,school
Rogers International School,school
New Milford High School,school
Northeast School,school
Westport School District,school
West Side Middle School,school
Cornwall School District,school
J. F. Kennedy School,school
New Lebanon School,school
Melissa Jones School,school
The Morgan School,school
A. Baldwin Middle School,school
Danbury High School,school
Old Saybrook Middle School,school
B. W. Tinker School,school
Avon Middle School,school
North Branford High School,school
Highland School,school
McDonough Middle School,school
Dr. Helen Baldwin Middle School,school
Tashua School,school
South Windsor High School,school
Hampton Elementary School,school
Wilbur Cross High School,school
Parker Farms School,school
Northville Elementary School,school
Gaffney School,school
Portland Middle School,school
Verplanck School,school
Whiting Lane School,school
Coleytown Elementary School,school
Eli Whitney School,school
Guilford High School,school
Waterbury Arts Magnet School (High),school
Geraldine Claytor Magnet Academy,school
Duffy School,school
Brownstone Intermediate School,school
Dunbar Hill School,school
Hooker School,school
Stonington BOE Pre-School,school
King's Highway Elementary School,school
Interdistrict Discovery Magnet School,school
Turn of River School,school
Nathan Hale School,school
Suffield School District,school
Plymouth Center School,school
Stafford School District,school
Putnam High School,school
Hebron School District,school
Sports and Medical Sciences Academy,school
Simsbury High School,school
Connecticut IB Academy,school
Middlesex Middle School,school
Rock Hill School,school
Colchester Elementary School,school
South School,school
Middlebrook School,school
Moody School,school
Forbes School,school
Torrington School District,school
Weston Intermediate School,school
Helen Street School,school
Burr School,school
Henry James Memorial School,school
Highland School,school
Thomaston High School,school
Henry Barnard School,school
Roxbury School,school
Wapping Elementary School,school
Margaret M. Generali Elementary School,school
Sharon School District,school
Tomlinson Middle School,school
Enfield School District,school
Crystal Lake School,school
Branford School District,school
Portland School District,school
Hall School,school
Newington High School,school
Thomaston School District,school
Morley School,school
Ansonia Middle School,school
North Street School,school
Pomfret School District,school
Hebron Avenue School,school
West Shore Middle School,school
Glastonbury School District,school
Scotland School District,school
Jared Eliot School,school
Harborside Middle School,school
Derby Middle School,school
McKinley School,school
Veterans' Memorial School,school
Carl C. Cutler Middle School,school
Buckley School,school
Green's Farms School,school
Tariffville School,school
Barnum School,school
East Lyme Middle School,school
John F. Kennedy High School,school
Meadowside School,school
Memorial School,school
Kendall Elementary School,school
Skane Center,school
Joseph Melillo Middle School,school
Sprague School District,school
Birch Grove Primary School,school
Dag Hammarskjold Middle School,school
Ridgefield High School,school
Salem School District,school
Hill Regional Career High School,school
Stadley Rough School,school
Farmington High School,school
Betances STEM Magnet School,school
Myrtle H. Stevens School,school
Mary T. Murphy School,school
Enfield Street School,school
Wallingford School District,school
Samuel Staples Elementary School,school
Broad Brook Elementary School,school
Granby Memorial Middle School,school
Sarah Noble Intermediate School,school
Woodside Intermediate School,school
Lyman Hall High School,school
Hamden School District,school
East Haven School District,school
Bristol Early Childhood Center-BECC,school
Maloney Interdistrict Magnet School,school
Barkhamsted School District,school
Darien High School,school
Thompson Brook School,school
Fair Haven School,school
New Canaan High School,school
Ashford School District,school
Lincoln Middle School,school
Weston Middle School,school
Clinton Avenue School,school
Webster Hill School,school
Swift Middle School,school
Doolittle School,school
King Street Intermediate School,school
Bethel High School,school
Bear Path School,school
Ellington Middle School,school
Naugatuck School District,school
Andover Elementary School,school
Mill Hill School,school
Ellington School District,school
Joseph A. Foran High School,school
Central Middle School,school
West Woods Upper Elementary School,school
Lordship School,school
Western School,school
Norton School,school
Norwalk High School,school
Preston Veterans' Memorial School,school
Thompson School District,school
Crosby High School,school
East Windsor High School,school
Winthrop School,school
Lebanon Elementary School,school
Naylor/CCSU Leadership Academy,school
Quaker Farms School,school
Albert D. Griswold Middle School,school
Ledyard High School,school
Cromwell Middle School,school
North Haven High School,school
Central School,school
Columbus Family Academy,school
Sprague School,school
Wintonbury Early Childhood Magnet School,school
E. C. Adams Middle School,school
Great Neck Elementary School,school
Thomaston Center School,school
South Windsor School District,school
West Vine Street School,school
Charter Oak International Academy,school
Mary L. Tracy School,school
West Bristol School,school
Martin School,school
Black Rock School,school
Weston High School,school
John Barry School,school
"High School, Inc.",school
Quaker Hill Elementary School,school
Michael F. Wallace Middle School,school
East School,school
Luis Munoz Marin School,school
Lisbon Central School,school
South End Elementary School,school
New School at 200 Strawberry Hill Avenue,school
H. S. Chase School,school
Dolan School,school
Kennelly School,school
Mabelle B. Avery Middle School,school
Mary E. Griswold School,school
Union School,school
Sanchez School,school
Edith E. Mackrille School,school
Monroe Elementary School,school
Oakdale School,school
Veterans Park Elementary School,school
Booth Hill School,school
Ross/Woodward School,school
Northeast Academy Elementary School,school
Emma Hart Willard School,school
West Woods School,school
Hopewell School,school
Killingly Memorial School,school
Westbrook School District,school
Clemente Leadership Academy,school
Northend School,school
Valley View School,school
Pleasant Valley School,school
Rowayton School,school
Jefferson Magnet School,school
Wilcoxson School,school
Waterbury Career Academy,school
Stafford Middle School,school
Carrington School,school
Putnam School District,school
Northeast School,school
Roger Ludlowe Middle School,school
Southington Public Schools Preschool Program at Hatton School,school
Israel Putnam School,school
Carbone School/East Haven Academy,school
Global Experience Magnet School,school
Ledyard School District,school
Sunset Ridge School Elementary Academy for Arts and World Languages,school
Bristol School District,school
Asian Studies Academy at Bellizzi School,school
Martin Kellogg Middle School,school
Booth Hill School,school
Bloomfield High School,school
Science and Technology Magnet School of Southeastern Connecticut,school
Long Hill School,school
Brookfield School District,school
HPHS Nursing and Health Sciences Academy,school
Stamford School District,school
East Hartford School District,school
J. Milton Jeffrey Elementary School,school
Cross School,school
Pleasant Valley School,school
Smith School,school
Mark T. Sheehan High School,school
Dr. Charles E. Murphy School,school
Regan School,school
Granby Memorial High School,school
Webster Micro Society Magnet School,school
Torrington High School,school
Sherman School District,school
Kathleen H. Ryerson Elementary School,school
Bielefield School,school
Southington Public Schools Preschool Program,school
East Hampton School District,school
Darien School District,school
Rockville High School,school
Julian Curtiss School,school
Ellsworth Avenue School,school
Barlow Mountain Elementary School,school
Gildersleeve School,school
East Windsor Middle School,school
Mill Ridge Primary School,school
Silver Lane School,school
Charles Barnum School,school
Journalism and Media Academy Magnet School,school
Bolton School District,school
Fletcher W. Judson School,school
West Stafford School,school
Island Avenue Elementary School,school
Bethany School District,school
Greene-Hills School,school
Salem School,school
Tolland High School,school
Fairfield Ludlowe High School,school
Pathways Academy of Technology and Design,school
Leonard J. Tyl Middle School,school
Canton School District,school
Capital Community College Magnet Academy,school
Wexler/Grant Community School,school
Moosup Elementary School,school
Stafford High School,school
Whisconier Middle School,school
West Broad Street School,school
Moses Y. Beach School,school
Washington Middle School,school
Saxe Middle School,school
Center Road School,school
Easton School District,school
Oxford Center School,school
Long Lots School,school
Cooperative High School,school
Nathan Hale Arts Magnet School,school
Southington School District,school
Fox Run Elementary School,school
Center School,school
Hartford PreKindergarten Magnet School,school
Dorothy C. Goodwin School,school
Head O'Meadow Elementary School,school
Harbor,school
Curiale School,school
Groton School District,school
Westside Middle School Academy,school
Bunker Hill School,school
Duggan School,school
HPHS Law and Government Academy,school
Bakerville Consolidated School,school
Pembroke School,school
Bristol Eastern High School,school
Betsy Ross Arts Magnet School,school
New Hartford Elementary School,school
Frank T. Wheeler School,school
Weston School District,school
Cook Hill School,school
Bristol Central High School,school
Thomas W. Mahan School,school
North End Middle School,school
Thomas Hooker School,school
Fairfield Woods Middle School,school
Lake Street School,school
Quinnipiac Real World Math STEM School,school
Darcey School,school
Pomfret Community School,school
Bolton High School,school
West School,school
Franklin School District,school
Ponus Ridge Middle School,school
Oswegatchie Elementary School,school
Moriarty Magnet School,school
Davis 21st Century Magnet Elementary School,school
Mead School,school
Noah Wallace School,school
Highland Park School,school
New Fairfield High School,school
Dr. Thomas S. O'Connell School,school
New Fairfield School District,school
Claude Chester School,school
Sterling Community School,school
Madison Middle School,school
Straford Academy - Victoria Soto School,school
Cherry Brook Primary School,school
James H. Moran Middle School,school
Jefferson School,school
Frenchtown Elementary School,school
Read School,school
Snow School,school
Sunnyside School,school
Roger Sherman School,school
Mary R. Fisher Elementary School,school
Norfolk School District,school
Stonington HS PreK,school
Hall High School,school
Waterbury Arts Magnet School (Middle),school
Reed School,school
Second Hill Lane School,school
Calf Pen Meadow School,school
Tracey School,school
Plainfield School District,school
Benjamin Jepson Magnet School,school
Ruth Chaffee School,school
Salem Elementary School,school
Eli Terry School,school
West Hill School,school
Scofield Middle School,school
Scotland Elementary School,school
Franklin School,school
Carrigan 5/6 Intermediate School,school
High Horizons Magnet School,school
Central High School,school
East Lyme School District,school
Northeast Middle School,school
Shepherd Glen School,school
Griswold Alternative School,school
Andover School District,school
Bulkeley High School,school
North Mianus School,school
Strong 21st Century Communications Magnet and SCSU Lab School,school
Frank A. Berry School,school
East School,school
Nathan Hale Middle School,school
Harry M. Bailey Middle School,school
Ridge Hill School,school
Griswold Middle School,school
Hamilton Avenue School,school
Great Oak School,school
Bryant School,school
Smalley Academy,school
Latimer Lane School,school
Branford High School,school
Tootin' Hills School,school
EPS Integrated Pre-Kindergarten,school
Maple Street School,school
Stratfield School,school
Worthington Hooker School,school
Information Technology and Software Engineering High School at the Fairchild-Wheeler Magnet Campus,school
Plainfield Central School,school
John F. Kennedy Middle School,school
Global Communications Academy,school
Ox Ridge Elementary School,school
Orange Avenue School,school
Schaghticoke Middle School,school
Mauro-Sheridan Magnet School,school
Bacon Academy,school
Urbin T. Kelley School,school
East Shore Middle School,school
Classical Studies Academy,school
Deep River Elementary School,school
Burns Latino Studies Academy,school
Torrington Middle School,school
Somers Elementary School,school
Scotland Elementary School,school
Betances Early Reading Lab Magnet School,school
Wesley School,school
Middle Gate Elementary School,school
Manchester High School,school
Keeney School,school
Griswold Elementary School,school
Breakthrough Magnet School,school
Hamden Middle School,school
South Street School,school
Chester School District,school
Evarts C. Stevens School,school
Robert J. O'Brien School,school
Nathan Hale School,school
Cos Cob School,school
Norfeldt School,school
Eli Whitney School,school
Washington School,school
Fields Memorial School,school
Orchard Hill School,school
Hanover School,school
Daniel Hand High School,school
Derby High School,school
Brooklyn Elementary School,school
Franklin Elementary School,school
Elizabeth Shelton School,school
New London School District,school
Oxford High School,school
Chaplin Elementary School,school
Bassick High School,school
Pine Grove School,school
Richard D. Hubbard School,school
Julia A. Stark School,school
Western Middle School,school
Hurlbutt Elementary School,school
Uncas Network School,school
Savin Rock Community School,school
Center Elementary School,school
Westover School,school
Annie E. Vinton School,school
Orchard Hills School,school
East Rock Community Magnet School,school
Hillside Intermediate School,school
Reed Intermediate School,school
Dr. John A. Langford School,school
Washington School,school
R. Dudley Seymour School,school
Newfield School,school
Chippens Hill Middle School,school
Montowese Elementary School,school
Seymour High School,school
Western CT Academy of International Studies Elementary Magnet School,school
Woodrow Wilson Middle School,school
Rocky Hill School District,school
Pumpkin Delight School,school
Newtown Middle School,school
Stratford Academy - Johnson House,school
EPS PK STEAM Academy,school
Cromwell School District,school
Shelter Rock School,school
Walsh School,school
North Branford School District,school
Killingly High School,school
East Farms School,school
Broadview Middle School,school
"Celentano BioTech, Health and Medical Magnet School",school
City Hill Middle School,school
Ellen P. Hubbell School,school
Clinton School District,school
Plymouth School District,school
Hindley Elementary School,school
East Haddam Elementary School,school
Timothy Edwards School,school
STEM Magnet at Fisher School,school
Flanders Elementary School,school
Litchfield School District,school
Engineering - Science University Magnet School,school
Dodd Middle School,school
Burr Elementary School,school
Montville School District,school
Lewin G. Joel Jr. School,school
Learning Academy at Bloomfield,school
Bozrah School District,school
Bennie Dover Jackson Middle School,school
Ellington High School,school
Multicultural Magnet School,school
Consolidated School,school
Cloonan School,school
Staffordville School,school
Hillcrest Middle School,school
Windermere School,school
Grove J. Tuttle School,school
New Haven Academy,school
Montville High School,school
Terryville High School,school
East Hampton High School,school
Pond Hill School,school
Westhill High School,school
Waterford High School,school
Perry Hill Elementary School,school
Rippowam Middle School,school
John C. Daniels,school
Oxford School District,school
Teachers' Memorial Middle School,school
Simpson-Waverly School,school
Ivy Drive School,school
Casimir Pulaski School,school
Illing Middle School,school
Keigwin Middle School,school
Classical Magnet School,school
New London High School,school
Tokeneke Elementary School,school
Church Street School,school
Dunbar School,school
Mystic Middle School,school
Tolland Middle School,school
Cromwell High School,school
Canton Intermediate School,school
Center School,school
Holmes School,school
Vernon School District,school
Suffield High School,school
Driggs School,school
Essex School District,school
George Hersey Robertson School,school
Meeting House Hill School,school
Griswold High School,school
Brien McMahon High School,school
Dwight Elementary School,school
Bridgeport School District,school
Race Brook School,school
Park City Magnet School,school
Bungay School,school
Norwich School District,school
Tolland School District,school
Overbrook Elementary School,school
Derynoski Elementary School,school
Wish Museum School,school
East Granby High School,school
Stevens Alternate High School,school
Hill And Plain School,school
"Biotechnology, Research and Zoological Studies HS at the Fairchild-Wheeler Magnet Campus",school
North Canaan School District,school
Thalberg Elementary School,school
Columbia School District,school
Andrew Avenue School,school
South Side School,school
Hill Central Music Academy,school
Pulaski Middle School,school
Clark Lane Middle School,school
Watertown High School,school
East Hartford Middle School,school
West Rock Authors Academy,school
Somers School District,school
Jerome Harrison School,school
Nichols School,school
Totoket Valley Elementary School,school
"Aerospace/Hydrospace, Engineering and Physical Sciences HS at the Fairchild-Wheeler Magnet Campus",school
Flanders School,school
Derby School District,school
Tourtellotte Memorial High School,school
Stonington High School,school
Milford School District,school
Capital Preparatory Magnet School,school
Bugbee School,school
A. Ward Spaulding School,school
Deep River School District,school
Linden Street School,school
Little Raiders University,school
Roton Middle School,school
Chester Elementary School,school
Chapman School,school
Farm Hill School,school
Wilby High School,school
Hawley Elementary School,school
Southwest School,school
Eastford School District,school
New Haven School District,school
The Academy of Information Technology,school
Edgewood School,school
Blackham School,school
Shelton High School,school
Simsbury School District,school
Plainfield Memorial School,school
Canaan School District,school
Ledyard Center School,school
Plantsville Elementary School,school
Trumbull High School,school
Nayaug Elementary School,school
Skinner Road School,school
John B. Stanton Network School,school
Naubuc School,school
Lee H. Kellogg School,school
Bridgeport Military Academy,school
Bishop Woods School,school
Yalesville School,school
Aiken School,school
Joseph O. Goodwin School,school
Geraldine Johnson School,school
Brooklyn Middle School,school
Helen Keller Middle School,school
New London Visual and Performing Arts Magnet School,school
Edgewood School,school
Sherman School,school
Cheshire High School,school
West District School,school
Union Elementary School,school
Avon High School,school
Polk School,school
Jennings School,school
Louis Toffolon School,school
Salisbury School District,school
Davenport Ridge School,school
Southeast Elementary School,school
Glenville School,school
Killingly Central School,school
Waterford School District,school
West Side Middle School,school
Carmen Arace Intermediate School,school
Roaring Brook School,school
Culinary Arts Academy at Weaver High School,school
Hartford School District,school
Elizabeth Green School,school
Dominick H. Ferrara School,school
House of Arts Letters and Science (HALS)  Academy,school
Trumbull School District,school
Carmen Arace Middle School,school
Montessori Magnet at Fisher School,school
Metacomet School,school
North Stonington Elementary School,school
Preston Plains School,school
Redding Elementary School,school
Lillie B. Haynes School,school
Westbrook High School,school
Canton High School,school
Riverside School,school
Rawson School,school
Laurel School,school
John Wallace Middle School,school
Woodrow Wilson School,school
East Hampton Middle School,school
Rocky Hill High School,school
Edna C. Stevens School,school
Watertown School District,school
Wells Road Intermediate School,school
Cranbury Elementary School,school
Bishop School Early Learning Center,school
East Ridge Middle School,school
Seymour Middle School,school
Cornwall Consolidated School,school
Niantic Center School,school
Conard High School,school
Edgar H. Parkman School,school
Litchfield Middle School,school
Somers High School,school
Spring Glen School,school
Bowers School,school
Granby School District,school
Walter C. Polson Upper Middle School,school
Daisy Ingraham School,school
Hazardville Memorial School,school
Branchville Elementary School,school
North Branford Intermediate School,school
HPHS Engineering and Green Technology Academy,school
Maple Hill School,school
Irving A. Robbins Middle School,school
Robert E. Fitch High School,school
Mansfield Middle School School,school
Middletown School District,school
Deans Mill School,school
Daniels Farm School,school
Hamden High School,school
Catherine M. McGee Middle School,school
Buttonball Lane School,school
Voluntown Elementary School,school
Hatton Elementary School,school
Wheeler High School,school
North Stonington School District,school
Cesar Batalla School,school
Edison School,school
Huckleberry Hill Elementary School,school
Jettie S. Tisdale School,school
A. W. Cox School,school
Slade Middle School,school
Portland High School,school
Norwalk School District,school
Toquam Magnet School,school
Ridge Road Elementary School,school
Sandy Hook Elementary School,school
Stillmeadow School,school
Anna H. Rockwell School,school
Fawn Hollow Elementary School,school
Hartford Magnet Trinity College Academy,school
Old Saybrook Senior High School,school
Ashford School,school
Plainville High School,school
Waterbury School District,school
Milner School,school
Berlin High School,school
Vogel-Wetmore School,school
M. D. Fox School,school
Allgrove School,school
Roosevelt School,school
Killingly Intermediate School,school
West Hartford School District,school
Royle Elementary School,school
Orange School District,school
Mary Morrisson School,school
Sayles School,school
East Lyme High School,school
Hampton School District,school
Chapel School,school
Griswold School District,school
Mountain View School,school
John B. Sliney School,school
Jonathan Law High School,school
Abraham Pierson School,school
Smith School,school
Mansfield School District,school
John Paterson School,school
Norwalk Pathways Academy at Briggs,school
International School At Dundee,school
Newington School District,school
S. B. Butler School,school
DPS Early Childhood Center,school
Prudence Crandall School,school
Danbury School District,school
Redding School District,school
Middle School of Plainville,school
Jockey Hollow School,school
Anna Reynolds School,school
Dr. Franklin H. Mayberry School,school
Marvin Elementary School,school
Seth G. Haley School,school
Rogers Park Middle School,school
Frank J. DiLoreto School,school
King/Robinson Magnet School,school
Springdale School,school
Bucks Hill School,school
Kelly Lane Primary School,school
Lyman Memorial High School,school
Newtown High School,school
John S. Martinez School,school
Gilead Hill School,school
Francis T. Maloney High School,school
Holland Hill School,school
F. J. Kingsbury School,school
Coventry High School,school
Gallup Hill School,school
Lincoln School,school
Bolton Center School,school
Ralph M. T. Johnson School,school
Madison School District,school
Pawcatuck Middle School,school
Benjamin Franklin School,school
Green Acres Elementary School,school
Winthrop STEM Elementary Magnet School,school
High School In The Community,school
David Wooster Middle School,school
Coventry Grammar School,school
North Haven School District,school
Bethany Community School,school
Capt. Nathan Hale School,school
Thompson Middle School,school
Samuel Huntington School,school
SAND School,school
"M. L. King, Jr. School",school
Philip R. Smith School,school
Bradley School,school
Kent School District,school
Kathleen E. Goodwin School,school
Robertson School,school
Hayestown Avenue School,school
East Granby Middle School,school
Peck Place School,school
Nathan Hale School,school
Cross Street Intermediate School,school
Calvin Leete School,school
Batchelder School,school
North Haven Middle School,school
Stepney Elementary School,school
Washington School,school
Parkway School,school
New Canaan School District,school
Nathan Hale-Ray Middle School,school
Hart School,school
Canton Middle School,school
Sedgwick Middle School,school
Wendell L. Cross School,school
Park Avenue School,school
Columbus School,school
Spencer School,school
New Fairfield Middle School,school
Brooklyn School District,school
Mathewson School,school
Bethel Middle School,school
Montessori Magnet at Moylan School,school
John Read Middle School,school
Fairfield Warde High School,school
Scotts Ridge Middle School,school
Catherine Kolnaski Magnet School,school
Kinsella Magnet School of Performing Arts,school
Hebron Elementary School,school
Francis Walsh Intermediate School,school
Ridgebury Elementary School,school
Putnam Elementary School,school
New Hartford School District,school
Cheshire School District,school
Guilford Lakes School,school
Hop Brook Elementary School,school
Truman School,school
Mary R. Tisko School,school
Squadron Line School,school
Irving School,school
Mohegan School,school
Norwalk Early Childhood Center,school
Manchester School District,school
Colchester School District,school
Torringford School,school
Stratford School District,school
Black Rock School,school
Rotella Interdistrict Magnet School,school
Marlborough School District,school
Bunnell High School,school
Harry B. Flood Middle School,school
Bristow Middle School,school
North Stratfield School,school
Sound School,school
Botelle Elementary School,school
Vernon Center Middle School,school
West Middle School,school
Momauguin School,school
Ann Antolini School,school
Plymouth Alternative High School,school
Cortlandt V.R. Creed Health and Sport Sciences High School,school
Bloomfield School District,school
Braeburn School,school
Greenwich School District,school
Avon School District,school
Meriden School District,school
King Street Primary School,school
Seymour School District,school
Hopeville School,school
John F. Kennedy Middle School,school
William J. Johnston Middle School,school
Forest School,school
K. T. Murphy School,school
Anna E. Norris School,school
Riverfield School,school
Gilmartin School,school
Union School District,school
Eastern Middle School,school
King Philip Middle School,school
Silvermine Elementary School,school
Westbrook Middle School,school
Great Plain School,school
Wolcott School,school
Fairfield School District,school
Stafford Elementary School,school
Great Path Academy at MCC,school
Kelly Middle School,school
Stafford School,school
Holmes Elementary School,school
Hartland School District,school
University High School of Science and Engineering,school
Elisabeth M. Bennet Academy,school
Monroe School District,school
Vance School,school
Environmental Sciences Magnet at Hooker School,school
Hartland School,school
East Windsor School District,school
Beardsley School,school
Elmer Thienes-Mary Hall Elementary School,school
Stonington School District,school
Lisbon School District,school
John Trumbull Primary School,school
Conte/West Hills Magnet School,school
Live Oaks School,school
Berlin School District,school
Barnard Environmental Magnet School,school
Dr. Robert H. Brown Middle School,school
Naugatuck High School,school
New Britain High School,school
Brookside Elementary School,school
Stamford High School,school
Plainville School District,school
Naramake Elementary School,school
Preston School District,school
Jack Jackter Intermediate School,school
Joseph A. Depaolo Middle School,school
Eastbury School,school
Mohegan School,school
Waddell School,school
Sherman School,school
Enfield High School,school
Jane Ryan School,school
Madison School,school
Gales Ferry School,school
Putnam Middle School,school
Canterbury Elementary School,school
Essex Elementary School,school
Glastonbury High School,school
Ledyard Middle School,school
Metropolitan Business Academy,school
Shepard Hill Elementary School,school
Southington High School,school
Chamberlain  Elementary School,school
East Haven High School,school
Harry S. Fisher Elementary School,school
West Haven School District,school
Alternative Center For Excellence,school
Breakthrough II Magnet School,school
Columbus Magnet School,school
McAlister Intermediate School,school
Renzulli Gifted and Talented Academy,school
James Hillhouse High School,school
Coventry School District,school
Beecher School,school
Stratford High School,school
Morris Street School,school
Osborn Hill School,school
Expeditionary Learning Academy at Moylan School,school
Clintonville Elementary School,school
Strong Elementary School,school
Turkey Hill School,school
Deer Run School,school
East Granby School District,school
Ansonia School District,school
Brookfield High School,school
Alma E. Pagels School,school
Honeyspot School,school
Augusta Lewis Troup School,school
Barkhamsted Elementary School,school
Lebanon Middle School,school
Prendergast School,school
Lebanon School District,school
Greenwich High School,school
Newtown School District,school
Brennan Rogers School,school
Juliet W. Long School,school
Harding High School,school
Wequonnoc Magnet School,school
Waltersville School,school
MacDonough School,school
Chatfield-LoPresti School,school
Hartford Detention Center,school
Amity Regional High School,school
Two Rivers Magnet High School,school
Jumoke Academy,school
Sage Park Middle School,school
Regional School District 11,school
The Gilbert School,school
Manson Youth Institution,school
The Bridge Academy,school
Windham School District,school
Oliver Wolcott Technical High School,school
Quinebaug Middle College,school
Valley Regional High School,school
Woodstock Academy,school
Lyme-Old Lyme Middle School,school
E. C. Goodwin Technical High School,school
Woodland Regional High School,school
Cider Mill School,school
North Street School,school
Housatonic Valley Regional High School,school
Ella T. Grasso Southeastern Technical High School,school
EdAdvance,school
Academy of Aerospace and Engineering Elementary,school
Alfred W. Hanmer School,school
Arts at the Capitol Theater Magnet School (ACT),school
H. H. Ellis Technical High School,school
Coginchaug Regional High School,school
Ana Grace Academy of the Arts Elementary School,school
Winchester School District,school
Odyssey Community School,school
Capital Preparatory Harbor School Inc.,school
Six-Six Magnet School,school
Brass City Charter School,school
Woodbury Middle School,school
New Haven Correctional Center,school
Thomas Edison Magnet Middle School,school
Emmett O'Brien Technical High School,school
Regional School District 16,school
Emerson-Williams School,school
Beecher Road School,school
The Burnham School,school
Side By Side Charter School,school
Path Academy,school
Regional School District 12,school
Marine Science Magnet High School of Southeastern Connecticut,school
John F. Kennedy School,school
Warren Elementary School,school
Common Ground High School,school
York Correctional Institution,school
Hartford Correctional Center,school
Center School,school
Killingworth Elementary School,school
Bethlehem Elementary School,school
Northern Correctional Institution,school
Laurel Ledge School,school
Booker T. Washington Academy,school
The Friendship School,school
BRAVE,school
John Lyman School,school
Integrated Day Charter School,school
Wolcott School District,school
Oliver Ellsworth School,school
Walter G. Cady School,school
Lyme Consolidated School,school
Clover Street School,school
Frisbie School,school
Regional School District 14,school
Wilton High School,school
Harwinton Consolidated School,school
Staples High School,school
Wamogo Regional High School,school
Natchaug School,school
Goshen Center School,school
Woodstock Elementary School,school
Haddam-Killingworth Middle School,school
Children's Place School,school
Learn,school
Windsor Locks School District,school
Willington School District,school
Bridgeport Detention Center,school
Center School,school
Samuel B. Webb Elementary School,school
Frank Ward Strong School,school
Wilton School District,school
Mile Creek School,school
Windsor Locks Middle School,school
TRAC Program,school
Wethersfield School District,school
Tyrrell Middle School,school
Windsor Locks High School,school
Office of Early Childhood (OEC),school
Regional School District 15,school
Henry Abbott Technical High School,school
Public Safety Academy,school
Woodstock School District,school
Amistad Academy,school
Achievement First Hartford Academy Inc.,school
Department of Mental Health and Addiction Services,school
Regional School District 10,school
Bullard-Havens Technical High School,school
Pearson Middle School,school
Saugatuck Elementary School,school
Regional School District 07,school
Area Cooperative Educational Services,school
Windsor School District,school
Montessori Magnet School,school
E. O. Smith High School,school
Achievement First Bridgeport Academy,school
Academy of Science and Innovation,school
Northwestern Regional High School,school
Cooperative Educational Services,school
Regional School District 13,school
Corrigan/Radgowski Correctional Institution,school
Stamford Charter School for Excellence,school
Burr District Elementary School,school
Park City Prep Charter School,school
Regional School District 19,school
Highcrest School,school
Long Meadow Elementary School,school
Glastonbury/East Hartford Magnet School,school
Woodstock Middle School,school
Three Rivers Middle College Magnet School,school
Reggio Magnet School of the Arts,school
Suffield Middle School,school
Museum Academy,school
Garner Correctional Institution,school
Har-Bur Middle School,school
Pomperaug School,school
Lyme-Old Lyme High School,school
Eli Whitney Technical High School,school
Batcheller Early Education Center,school
Stamford Academy,school
A. I. Prince Technical High School,school
Regional School District 05,school
Prospect Elementary School,school
Windham Center School,school
Connecticut Valley Hospital,school
Litchfield Boys IR Program,school
Pomperaug Regional High School,school
Elm City College Preparatory School,school
Department of Rehabilitation Services,school
Regional School District 06,school
James Morris School,school
Long River Middle School,school
Middlebury Elementary School,school
Unified School District #1,school
Explorations,school
Trailblazers Academy,school
MacDougall/Walker Correctional Institution,school
Windsor High School,school
Judicial Centers,school
Wethersfield High School,school
Riverview School,school
Riverside Magnet School at Goodwin College,school
Gainfield Elementary School,school
Amity Middle School: Bethany,school
Middlebrook School,school
Elm City Montessori School,school
Alcott School,school
Two Rivers Magnet Middle School,school
W. B. Sweeney School,school
Vinal Technical High School,school
Regional School District 17,school
Wintergreen Interdistrict  Magnet School,school
Frederick Brewster School,school
Norwich Free Academy,school
Norwich Technical High School,school
Girls IR Program,school
Shepaug Valley School,school
Amity Middle School: Orange,school
Platt Technical High School,school
Regional School District 09,school
Bedford Middle School,school
John Winthrop Middle School,school
Howell Cheney Technical High School,school
International Magnet School for Global Citizenship,school
Charles Wright School,school
Dual Language & Arts Magnet Middle School,school
Memorial Middle School,school
Willard/Cybulski Correctional Institution,school
H. C. Wilcox Technical High School,school
Regional School District 04,school
Charles H. Barrows STEM Academy,school
Greater Hartford Academy of  the Arts High School - Full Time,school
Windham High School,school
Poquonock Elementary School,school
Wolcott High School,school
New Beginnings Inc Family Academy,school
Coleytown Middle School,school
Capitol Region Mental Health Center,school
Lewis S. Mills High School,school
Washington Primary School,school
North Windham School,school
Department of Social Services,school
Lake Garda Elementary School,school
Regional School District 08,school
Middlefield Memorial School,school
Rochambeau Middle School,school
Joel Barlow High School,school
Connecticut Mental Health Center,school
Highville Charter School,school
Metropolitan Learning Center for Global and International Studies,school
Windham Technical High School,school
Girls Hybrid Program,school
Cheshire Correctional Institution,school
Bridgeport Correctional Center,school
Miller-Driscoll School,school
Eastern Connecticut Regional Educational Service Center (EASTCONN),school
Mitchell Elementary School,school
Regional School District 01,school
Southeast Mental Health Authority,school
Wakelee School,school
Haddam Elementary School,school
RHAM Middle School,school
Interdistrict School For Arts And Communication,school
Woodbridge School District,school
West Rocks Middle School,school
Regional School District 18,school
Windham Middle School,school
Capitol Region Education Council,school
Unified School District #2,school
Great Oaks Charter School,school
Academy of Aerospace and Engineering,school
South Elementary School,school
Discovery Academy,school
Haddam-Killingworth High School,school
Hall Memorial School,school
Greater Hartford Academy of the Arts Magnet Middle,school
Silas Deane Middle School,school
Northwestern Regional Middle School,school
W. F. Kaynor Technical High School,school
SAGE,school
Parish Hill High School,school
Greater Bridgeport Community Mental Health Center,school
J. M. Wright Technical High School,school
Booth Free School,school
Tottenville High School,school
Long Island City High School,school
William Cullen Bryant High School,school
Frank Sinatra School of the Arts High School,school
Francis Lewis High School,school
World Journalism Preparatory: A College Board School,school
High School for Law Enforcement and Public Safety,school
High School of Telecommunication Arts and Technology,school
Fort Hamilton High School,school
Bayside High School,school
Nelson Mandela High School,school
Bedford Academy High School,school
Boys and Girls High School,school
Frederick Douglass Academy IV Secondary School,school
The Brooklyn Academy of Global Finance,school
Brooklyn High School for Law and Technology,school
Gotham Professional Arts Academy,school
Martin Van Buren High School,school
"Queens High School of Teaching, Liberal Arts and the Sciences",school
Business Technology Early College High School (BTECH),school
West Bronx Academy for the Future,school
Crotona International High School,school
High School for Energy and Technology,school
Fordham Leadership Academy for Business and Technology,school
Belmont Preparatory High School,school
Knowledge and Power Preparatory Academy International High School (KAPPA),school
Fordham High School for the Arts,school
Bronx High School for Law and Community Service,school
Bronx Academy for Software Engineering (BASE),school
Brooklyn Studio Secondary School,school
New Utrecht High School,school
Spring Creek Community School,school
Franklin Delano Roosevelt High School,school
Urban Assembly School for Criminal Justice,school
Channel View School for Research,school
Rockaway Park High School for Environmental Sustainability,school
Rockaway Collegiate High School,school
Scholars' Academy,school
Thomas A. Edison Career and Technical Education High School,school
Hillcrest High School,school
Hillside Arts & Letters Academy,school
"Young Women's Leadership School, Queens (TYWLS)",school
Jamaica Gateway to the Sciences,school
Queens Collegiate: A College Board School,school
High School for Community Leadership,school
William E. Grady Career and Technical Education High School,school
Pelham Preparatory Academy,school
Collegiate Institute for Math and Science (CIMS),school
High School of Language and Innovation,school
Astor Collegiate Academy,school
Bronxdale High School,school
Metropolitan Diploma Plus High School,school
Frederick Douglass Academy VII High School,school
Teachers Preparatory High School,school
All City Leadership Secondary School,school
Academy for Environmental Leadership,school
EBC High School for Public Service - Bushwick,school
PROGRESS High School for Professional Careers,school
Young Women's Leadership School of Brooklyn (TYWLS),school
"The High School for Enterprise, Business and Technology",school
Bushwick Leaders High School for Academic Excellence,school
Bushwick School for Social Justice,school
School for Legal Studies,school
The Brooklyn School for Math and Research (BSMARt),school
Academy of Urban Planning,school
Benjamin Franklin High School for Finance & Information Technology,school
"Mathematics, Science Research and Technology Magnet High School",school
Humanities & Arts Magnet High School,school
Institute for Health Professions at Cambria Heights,school
Brooklyn Generation School,school
High School for Innovation in Advertising and Media,school
High School for Medical Professions,school
Urban Action Academy,school
Victory Collegiate High School,school
Academy for Conservation and the Environment,school
Brooklyn Theatre Arts High School,school
Brooklyn Secondary School for Collaborative Studies,school
Antonia Pantoja Preparatory Academy: A College Board School,school
"Archimedes Academy for Math, Science and Technology Applications",school
Bronx Compass High School,school
Bronx Bridges High School,school
Pablo Neruda Academy,school
Millennium Art Academy,school
Bronx Guild,school
"Felisa Rincon de Gautier Institute for Law and Public Policy, The",school
Women's Academy of Excellence,school
Eagle Academy for Young Men of Harlem,school
Mott Hall High School,school
The Urban Assembly School for Global Commerce,school
Thurgood Marshall Academy for Learning and Social Change,school
Frederick Douglass Academy,school
Wadleigh Secondary School for the Performing & Visual Arts,school
Frederick Douglass Academy II Secondary School,school
"Clinton School Writers & Artists, M.S. 260",school
Baruch College Campus High School,school
Hudson High School of Learning Technologies,school
Quest to Learn,school
NYC Lab School for Collaborative Studies,school
Landmark High School,school
The High School of Fashion Industries,school
NYC Museum School,school
Manhattan Business Academy,school
Humanities Preparatory Academy,school
Manhattan Village Academy,school
Essex Street Academy,school
Urban Assembly Maker Academy,school
Marta Valle High School,school
Pace High School,school
Murry Bergtraum High School for Business Careers,school
High School for Dual Language and Asian Studies,school
Manhattan Early College School for Advertising,school
The Urban Assembly School for Emergency Management,school
New Design High School,school
"Urban Assembly Academy of Government and Law, The",school
Lower Manhattan Arts Academy,school
Leadership Institute,school
Eximius College Preparatory Academy: A College Board School,school
Bronx Center for Science and Mathematics,school
"Urban Assembly School for Applied Math and Science, The",school
Frederick Douglass Academy III Secondary School,school
Eagle Academy for Young Men,school
Mott Hall Bronx High School,school
Validus Preparatory Academy: An Expeditionary Learning School,school
Bronx Leadership Academy High School,school
Manhattan Bridges High School,school
Beacon High School,school
High School for Environmental Studies,school
Stephen T. Mather Building Arts & Craftsmanship High School,school
"Urban Assembly School of Design and Construction, The",school
Professional Performing Arts High School (PPAS),school
Urban Assembly Gateway School for Technology,school
High School of Hospitality Management,school
Business Of Sports School (BOSS),school
Food and Finance High School,school
"Facing History School, The",school
Independence High School,school
"Brooklyn Community High School of Communication, Arts and Media (BCAM)",school
Benjamin Banneker Academy,school
Bronx Health Sciences High School,school
Harry S Truman High School,school
High School for Arts and Business,school
Bronx Envision Academy,school
Explorations Academy,school
Fannie Lou Hamer Freedom High School,school
East Bronx Academy for the Future,school
W.E.B. DuBois Academic High School,school
Academy for Health Careers,school
Pathways in Technology Early College High School (P-TECH),school
ACORN Community High School,school
Brooklyn Academy of Science and the Environment,school
The High School for Global Citizenship,school
Clara Barton High School,school
Medgar Evers College Preparatory School,school
Brooklyn School for Music & Theatre,school
International High School at Prospect Heights,school
Brooklyn Lab School,school
Multicultural High School,school
Cypress Hills Collegiate Preparatory School,school
Academy of Innovative Technology,school
The Urban Assembly School for Collaborative Healthcare,school
Brooklyn High School of the Arts,school
Brooklyn International High School,school
Urban Assembly High School of Music and Art,school
"City Polytechnic High School of Engineering, Architecture, and Technology",school
School for International Studies,school
Digital Arts and Cinema Technology High School (Brooklyn School for Global Studies),school
Khalil Gibran International Academy,school
Urban Assembly Institute of Math and Science for Young Women,school
The Urban Assembly School for Law and Justice,school
Cobble Hill School of American Studies,school
Brooklyn Frontiers High School,school
"Science Skills Center High School for Science, Technology and the Creative Arts",school
George Westinghouse Career and Technical Education High School,school
Bronx High School for Medical Science,school
Bronx Early College Academy for Teaching & Learning,school
DreamYard Preparatory School,school
Bronx Collegiate Academy,school
Bronx Leadership Academy II High School,school
New Explorers High School,school
Claremont International HS,school
Urban Assembly School for Careers in Sports,school
New Directions Secondary School,school
"Bronx School for Law, Government and Justice",school
Bronx High School of Business,school
Art and Design High School,school
Kurt Hahn Expeditionary Learning School,school
It Takes a Village Academy,school
Cultural Academy for the Arts and Sciences,school
Coalition School for Social Change,school
Manhattan Center for Science and Mathematics,school
Esperanza Preparatory Academy,school
"Heritage School, The",school
Central Park East High School,school
Young Womens Leadership School (TYWLS),school
Park East High School,school
East New York Family Academy,school
"The School for Classics: An Academy of Thinkers, Writers and Performers",school
Transit Tech Career and Technical Education High School,school
W. H. Maxwell Career and Technical Education High School,school
Academy for Young Writers,school
High School for Civil Rights,school
FDNY _ Captain Vernon A. Richards High School for Fire and Life Safety,school
Performing Arts and Technology High School,school
World Academy for Total Community Health High School (WATCH),school
Urban Assembly School for Wildlife Conservation,school
Wings Academy,school
East Side Community School,school
Green School: An Academy for Environmental Careers,school
Lyons Community School,school
"Brooklyn Latin School, The",school
Newtown High School,school
International High School for Health Sciences,school
Pan American International High School,school
Civic Leadership Academy,school
Frederick Douglass Academy VI High School,school
Academy of Medical Technology: A College Board School,school
"Queens High School for Information, Research, and Technology",school
Riverdale / Kingsbridge Academy (Middle School / High School 141) (RKA),school
Midwood High School,school
Academy for College Preparation and Career Exploration: A College Board School,school
High School for Service & Learning at Erasmus,school
High School for Youth and Community Development at Erasmus,school
Academy of Hospitality and Tourism,school
"Science, Technology and Research Early College High School at Erasmus (STAR)",school
East-West School of International Studies,school
Flushing High School,school
Veritas Academy,school
Queens High School for Language Studies,school
Queens Gateway to Health Sciences Secondary School,school
Forest Hills High School,school
Queens Metropolitan High School,school
Metropolitan Expeditionary Learning School,school
Brooklyn Technical High School,school
Dr. Susan S. McKinney Secondary School of the Arts,school
Urban Assembly New York Harbor School,school
School of the Future High School,school
The High School For Language And Diplomacy,school
Union Square Academy for Health Sciences,school
High School for Health Professions and Human Services,school
The American Sign Language and English Secondary School,school
Academy for Software Engineering (AFSE),school
Institute for Collaborative Education (ICE),school
International High School at Union Square,school
Gramercy Arts High School,school
John Dewey High School,school
Kingsborough Early College School,school
Expeditionary Learning School for Community Leaders,school
International High School at Lafayette,school
High School of Sports Management,school
Life Academy High School for Film and Music,school
Pathways College Preparatory School: A College Board School,school
Information Technology High School,school
Aviation Career & Technical Education High School,school
Academy for Careers in Television and Film (ACTV),school
High School of Applied Communication,school
Bard High School Early College Queens,school
Middle College High School at LaGuardia Community College,school
"Robert F. Wagner, Jr. Secondary School for Arts and Technology",school
Academy of Finance and Enterprise,school
International High School at LaGuardia Community College,school
Queens Vocational and Technical High School,school
Bronx Studio School for Writers and Artists,school
Inwood Early College for Health and Information Technologies,school
High School for Excellence and Innovation,school
Cambria Heights Academy,school
Queens High School for the Sciences at York College,school
"Queens School of Inquiry, The",school
Red Crossbill,animal
American Toad,animal
Fowler's Toad,animal
Gray Treefrog,animal
Bullfrog,animal
Green Frog,animal
Pickerel Frog,animal
Northern Leopard Frog,animal
Wood Frog,animal
Spring Peeper,animal
Eastern Spadefoot,animal
Jefferson Salamander Complex,animal
Blue-spotted Salamander,animal
Spotted Salamander,animal
Tiger Salamander,animal
Dusky Salamander,animal
Allegheny Mountain Dusky Salamander,animal
Northern Two-lined Salamander,animal
Spring Salamander,animal
Four-toed Salamander,animal
Eastern Newt,animal
Redback Salamander,animal
Northern Slimy Salamander,animal
Red Salamander,animal
Anadromous Fish Concentration Area,animal
Bat Colony,animal
Yellowbanded Bumble Bee,animal
Red-winged Blackbird,animal
Bobolink,animal
Baltimore Oriole,animal
Orchard Oriole,animal
Brown-headed Cowbird,animal
Common Grackle,animal
Eastern Meadowlark,animal
Northern Cardinal,animal
Indigo Bunting,animal
Rose-breasted Grosbeak,animal
Scarlet Tanager,animal
Tufted Titmouse,animal
Black-capped Chickadee,animal
Brown Creeper,animal
American Crow,animal
Common Raven,animal
Fish Crow,animal
Blue Jay,animal
Yellow-billed Cuckoo,animal
Black-billed Cuckoo,animal
Wood Duck,animal
Blue-winged Teal,animal
Mallard,animal
Mallard x Am. Black Duck Hybrid,animal
American Black Duck,animal
Canada Goose,animal
Hooded Merganser,animal
House Finch,animal
Purple Finch,animal
Red Crossbill,animal
White-winged Crossbill,animal
Pine Siskin,animal
American Goldfinch,animal
Eastern Wood-Pewee,animal
Alder Flycatcher,animal
Least Flycatcher,animal
Willow Flycatcher,animal
Great Crested Flycatcher,animal
Eastern Phoebe,animal
Eastern Kingbird,animal
Blue-gray Gnatcatcher,animal
Pied-billed Grebe,animal
Ruffed Grouse,animal
Northern Bobwhite,animal
Wild Turkey,animal
Ring-necked Pheasant,animal
Spotted Sandpiper,animal
Upland Sandpiper,animal
Killdeer,animal
Wilson's Snipe,animal
American Woodcock,animal
Cooper's Hawk,animal
Northern Goshawk,animal
Sharp-shinned Hawk,animal
Red-tailed Hawk,animal
Red-shouldered Hawk,animal
Broad-winged Hawk,animal
Turkey Vulture,animal
Northern Harrier,animal
Peregrine Falcon,animal
American Kestrel,animal
Bald Eagle,animal
Osprey,animal
Great Blue Heron,animal
American Bittern,animal
Green Heron,animal
Least Bittern,animal
Black-crowned Night-Heron,animal
Ruby-throated Hummingbird,animal
Chimney Swift,animal
Belted Kingfisher,animal
Ruby-crowned Kinglet,animal
Golden-crowned Kinglet,animal
Gray Catbird,animal
Northern Mockingbird,animal
Brown Thrasher,animal
Whip-poor-will,animal
Red-breasted Nuthatch,animal
White-breasted Nuthatch,animal
House Sparrow,animal
Northern Saw-whet Owl,animal
Long-eared Owl,animal
Great Horned Owl,animal
Eastern Screech-Owl,animal
Barred Owl,animal
Barn Owl,animal
Double-crested Cormorant,animal
Rock Pigeon,animal
Mourning Dove,animal
Common Moorhen,animal
Sora,animal
King Rail,animal
Virginia Rail,animal
Henslow's Sparrow,animal
Grasshopper Sparrow,animal
Dark-eyed Junco,animal
Swamp Sparrow,animal
Song Sparrow,animal
Savannah Sparrow,animal
Eastern Towhee,animal
Vesper Sparrow,animal
Chipping Sparrow,animal
Field Sparrow,animal
White-throated Sparrow,animal
European Starling,animal
Barn Swallow,animal
Cliff Swallow,animal
Purple Martin,animal
Bank Swallow,animal
Northern Rough-winged Swallow,animal
Tree Swallow,animal
Veery,animal
Hermit Thrush,animal
Swainson's Thrush,animal
Wood Thrush,animal
Eastern Bluebird,animal
American Robin,animal
Yellow-throated Vireo,animal
Warbling Vireo,animal
Red-eyed Vireo,animal
Blue-headed Vireo,animal
Cedar Waxwing,animal
Northern Flicker,animal
Pileated Woodpecker,animal
Red-bellied Woodpecker,animal
Red-headed Woodpecker,animal
Downy Woodpecker,animal
Hairy Woodpecker,animal
Yellow-bellied Sapsucker,animal
Canada Warbler,animal
Common Yellowthroat,animal
Worm-eating Warbler,animal
Black-and-white Warbler,animal
Nashville Warbler,animal
Louisiana Waterthrush,animal
Northern Waterthrush,animal
Prothonotary Warbler,animal
Ovenbird,animal
Black-throated Blue Warbler,animal
Cerulean Warbler,animal
Hooded Warbler,animal
Yellow-rumped Warbler,animal
Prairie Warbler,animal
Blackburnian Warbler,animal
Magnolia Warbler,animal
Chestnut-sided Warbler,animal
Yellow Warbler,animal
Pine Warbler,animal
American Redstart,animal
Black-throated Green Warbler,animal
Golden-winged Warbler,animal
Lawrence's Warbler,animal
Blue-winged Warbler,animal
Brewster's Warbler,animal
Marsh Wren,animal
Sedge Wren,animal
Carolina Wren,animal
House Wren,animal
Winter Wren,animal
Dusted Skipper,animal
Henry's Elfin,animal
Frosted Elfin,animal
Mottled Duskywing,animal
Persius Duskywing,animal
Tawny Crescent,animal
Karner Blue,animal
Edwards' Hairstreak,animal
Barrens Dagger Moth,animal
Precious Underwing,animal
An Underwing Moth,animal
Bird Dropping Moth,animal
Waxed Sallow,animal
A Noctuid Moth,animal
Broad-lined Catopyrrha,animal
Marsh Fern Moth,animal
Inland Barrens Buckmoth,animal
Two-striped Cord Grass Moth,animal
Ostrich Fern Borer Moth,animal
Barrens Itame,animal
Toothed Apharetra,animal
Pine Barrens Zanclognatha,animal
Comet Darner,animal
Cobra Clubtail,animal
Umber Shadowdragon,animal
Kennedy's Emerald,animal
Riverine Clubtail,animal
Russet-tipped Clubtail,animal
Ringed Boghaunter,animal
Shortnose Sturgeon,animal
Atlantic Sturgeon,animal
Eastern Small-footed Myotis,animal
Common Loon,animal
Northern Long-eared Bat,animal
Indiana Bat,animal
Allegheny Woodrat,animal
Alewife Floater,animal
Yellow Lampmussel,animal
Tidewater Mucket,animal
Eastern Pondmussel,animal
Copperhead,animal
Eastern Wormsnake,animal
Racer,animal
Timber Rattlesnake,animal
Ring-necked Snake,animal
Eastern Hog-nosed Snake,animal
Milksnake,animal
Northern Watersnake,animal
Smooth Green Snake,animal
Eastern Ratsnake,animal
Dekay's Brownsnake,animal
Red-bellied Snake,animal
Eastern Ribbonsnake,animal
Common Gartersnake,animal
Spiny Softshell,animal
Snapping Turtle,animal
Painted Turtle,animal
Spotted Turtle,animal
Wood Turtle,animal
Bog Turtle,animal
Common Map Turtle,animal
Common Musk Turtle,animal
Eastern Box Turtle,animal
Red Maple-Hardwood Swamp,animal
Side-oats Grama,animal
Silver Maple-Ash Swamp,animal
Pine Barrens Vernal Pond,animal
Freshwater Intertidal Mudflats,animal
Freshwater Tidal Marsh,animal
Tidal River,animal
Limestone Woodland,animal
Pitch Pine-Scrub Oak Barrens,animal
Red Cedar Rocky Summit,animal
Appalachian Oak-Hickory Forest,animal
Chestnut Oak Forest,animal
Hemlock-Northern Hardwood Forest,animal
Maple-Basswood Rich Mesic Forest,animal
Pitch Pine-Oak Forest,animal
Calcareous Cliff Community,animal
Rocky Summit Grassland,animal
Shale Cliff and Talus Community,animal
Shortleaf Pine,animal
Blunt-lobe Grape Fern,animal
Smooth Cliff Brake,animal
Water-marigold,animal
Delmarva Beggar-ticks,animal
Estuary Beggar-ticks,animal
Downy Lettuce,animal
Northern Blazing-star,animal
Upland Goldenrod,animal
Ohio Goldenrod,animal
Sweet Coltsfoot,animal
Smooth Blue Aster,animal
Barred Owl,animal
New England Northern Reedgrass,animal
Dune Sandspur,animal
Few-flowered Panic Grass,animal
Slender Crabgrass,animal
Slender Marsh Bluegrass,animal
Woodland Bluegrass,animal
Northern Dropseed,animal
Puttyroot,animal
Ram's-head Ladyslipper,animal
Large Twayblade,animal
Bayard's Adder's-mouth Orchid,animal
Orange Fringed Orchid,animal
Hooker's Orchid,animal
Nodding Pogonia,animal
Yellow Giant-hyssop,animal
Swamp Agrimony,animal
Woodland Agrimony,animal
Hairy Angelica,animal
Whorled Milkweed,animal
Downy Wood-mint,animal
Purple Rock-cress,animal
Green Rock-cress,animal
Purple Cress,animal
American Bittersweet,animal
Northern Wild Comfrey,animal
Little-leaf Tick-trefoil,animal
Smooth Tick-trefoil,animal
Nuttall's Tick-trefoil,animal
Stiff Tick-trefoil,animal
American Waterwort,animal
Common Loon,animal
Estuary Hatpins,animal
Rough Avens,animal
Northern Stickseed,animal
Mock-pennyroyal,animal
Kidneyleaf Mud-plantain,animal
Golden-seal,animal
Great St. John's-wort,animal
Butternut,animal
Violet Bush-clover,animal
Mudwort,animal
Yellow Wild Flax,animal
Nuttall's Lobelia,animal
Wild Lupine,animal
Gypsy-wort,animal
Hudson River Water-nymph,animal
Cut-leaved Evening-primrose,animal
Virginia False Gromwell,animal
Violet Wood-sorrel,animal
Swamp Lousewort,animal
Carey's Smartweed,animal
Virginia Ground-cherry,animal
Heartleaf Plantain,animal
Small's Knotweed,animal
Erect Knotweed,animal
Slender Knotweed,animal
Giant Pine-drops,animal
Whorled Mountain-mint,animal
Tooth-cup,animal
Spongy Arrowhead,animal
Strap-leaf Arrowhead,animal
Pod Grass,animal
Chaffseed,animal
Veined Skullcap,animal
Small Bur-reed,animal
Rough Hedge-nettle,animal
False-pennyroyal,animal
Small Floating Bladderwort,animal
Marsh Valerian,animal
Neckweed,animal
Culver's-root,animal
Southern Wood Violet,animal
Northern Bog Violet,animal
Bird's-foot Violet,animal
Narrow-leaved Sedge,animal
Back's Sedge,animal
Bicknell's Sedge,animal
Bush's Sedge,animal
Brown Bog Sedge,animal
Northeastern Sedge,animal
Clustered Sedge,animal
Davis' Sedge,animal
Glaucous Sedge,animal
Cloud Sedge,animal
James' Sedge,animal
False Hop Sedge,animal
Troublesome Sedge,animal
Muhlenberg's Sedge,animal
Reflexed Sedge,animal
Red-rooted Flatsedge,animal
Houghton's Flatsedge,animal
Great Plains Flatsedge,animal
Rusty Flatsedge,animal
Schweinitz's Flatsedge,animal
Ovate Spikerush,animal
Georgia Bulrush,animal
Whip Nutrush,animal
Small Mousetail Moss,animal
American Toad,animal
Fowler's Toad,animal
Gray Treefrog,animal
Bullfrog,animal
Green Frog,animal
Pickerel Frog,animal
Northern Leopard Frog,animal
Wood Frog,animal
Spring Peeper,animal
Western Chorus Frog,animal
Jefferson Salamander,animal
Jefferson Salamander Complex,animal
Blue-spotted Salamander,animal
Spotted Salamander,animal
Hellbender,animal
Dusky Salamander,animal
Allegheny Mountain Dusky Salamander,animal
Northern Two-lined Salamander,animal
Longtail Salamander,animal
Spring Salamander,animal
Mudpuppy,animal
Eastern Newt,animal
Redback Salamander,animal
Northern Slimy Salamander,animal
Rock Pigeon,animal
Wehrle's Salamander,animal
Red Salamander,animal
Appalachian Tiger Beetle,animal
Cobblestone Tiger Beetle,animal
Red-winged Blackbird,animal
Bobolink,animal
Baltimore Oriole,animal
Orchard Oriole,animal
Brown-headed Cowbird,animal
Common Grackle,animal
Eastern Meadowlark,animal
Northern Cardinal,animal
Indigo Bunting,animal
Rose-breasted Grosbeak,animal
Scarlet Tanager,animal
Tufted Titmouse,animal
Black-capped Chickadee,animal
Brown Creeper,animal
American Crow,animal
Common Raven,animal
Blue Jay,animal
Yellow-billed Cuckoo,animal
Black-billed Cuckoo,animal
Wood Duck,animal
Blue-winged Teal,animal
Mallard,animal
American Black Duck,animal
Canada Goose,animal
Mute Swan,animal
Hooded Merganser,animal
Short-eared Owl,animal
Common Merganser,animal
House Finch,animal
Purple Finch,animal
Red Crossbill,animal
White-winged Crossbill,animal
Pine Siskin,animal
American Goldfinch,animal
Eastern Wood-Pewee,animal
Alder Flycatcher,animal
Least Flycatcher,animal
Willow Flycatcher,animal
Acadian Flycatcher,animal
Great Crested Flycatcher,animal
Eastern Phoebe,animal
Eastern Kingbird,animal
Blue-gray Gnatcatcher,animal
Pied-billed Grebe,animal
Ruffed Grouse,animal
Northern Bobwhite,animal
Wild Turkey,animal
Ring-necked Pheasant,animal
Spotted Sandpiper,animal
Upland Sandpiper,animal
Killdeer,animal
Wilson's Snipe,animal
American Woodcock,animal
Cooper's Hawk,animal
Northern Goshawk,animal
Sharp-shinned Hawk,animal
Red-tailed Hawk,animal
Red-shouldered Hawk,animal
Broad-winged Hawk,animal
Turkey Vulture,animal
Northern Harrier,animal
Peregrine Falcon,animal
American Kestrel,animal
Bald Eagle,animal
Osprey,animal
Great Blue Heron,animal
American Bittern,animal
Green Heron,animal
Least Bittern,animal
Black-crowned Night-Heron,animal
Ruby-throated Hummingbird,animal
Chimney Swift,animal
Belted Kingfisher,animal
Golden-crowned Kinglet,animal
Horned Lark,animal
Gray Catbird,animal
Northern Mockingbird,animal
Brown Thrasher,animal
Common Nighthawk,animal
Red-breasted Nuthatch,animal
White-breasted Nuthatch,animal
House Sparrow,animal
Northern Saw-whet Owl,animal
Short-eared Owl,animal
Great Horned Owl,animal
Eastern Screech-Owl,animal
Barred Owl,animal
Barn Owl,animal
Mourning Dove,animal
Common Moorhen,animal
Sora,animal
Virginia Rail,animal
Henslow's Sparrow,animal
Grasshopper Sparrow,animal
Dark-eyed Junco,animal
Swamp Sparrow,animal
Song Sparrow,animal
Savannah Sparrow,animal
Eastern Towhee,animal
Vesper Sparrow,animal
Chipping Sparrow,animal
Field Sparrow,animal
White-throated Sparrow,animal
European Starling,animal
Barn Swallow,animal
Cliff Swallow,animal
Purple Martin,animal
Bank Swallow,animal
Northern Rough-winged Swallow,animal
Tree Swallow,animal
Veery,animal
Hermit Thrush,animal
Swainson's Thrush,animal
Wood Thrush,animal
Eastern Bluebird,animal
American Robin,animal
Yellow-throated Vireo,animal
Warbling Vireo,animal
Red-eyed Vireo,animal
Blue-headed Vireo,animal
Cedar Waxwing,animal
Northern Flicker,animal
Pileated Woodpecker,animal
Red-bellied Woodpecker,animal
Red-headed Woodpecker,animal
Downy Woodpecker,animal
Hairy Woodpecker,animal
Yellow-bellied Sapsucker,animal
Canada Warbler,animal
Mourning Warbler,animal
Common Yellowthroat,animal
Yellow-breasted Chat,animal
Black-and-white Warbler,animal
Nashville Warbler,animal
Louisiana Waterthrush,animal
Northern Waterthrush,animal
Ovenbird,animal
Northern Parula,animal
Black-throated Blue Warbler,animal
Cerulean Warbler,animal
Hooded Warbler,animal
Yellow-rumped Warbler,animal
Prairie Warbler,animal
Blackburnian Warbler,animal
Magnolia Warbler,animal
Chestnut-sided Warbler,animal
Yellow Warbler,animal
Pine Warbler,animal
American Redstart,animal
Black-throated Green Warbler,animal
Golden-winged Warbler,animal
Lawrence's Warbler,animal
Blue-winged Warbler,animal
Marsh Wren,animal
Carolina Wren,animal
House Wren,animal
Winter Wren,animal
West Virginia White,animal
Bird Dropping Moth,animal
Spatterdock Darner,animal
Black Bullhead,animal
Tonguetied Minnow,animal
Bigeye Chub,animal
Silver Shiner,animal
Swallowtail Shiner,animal
Northern Long-eared Bat,animal
Timber Rattlesnake,animal
Ring-necked Snake,animal
Milksnake,animal
Northern Watersnake,animal
Smooth Green Snake,animal
Queen Snake,animal
Dekay's Brownsnake,animal
Red-bellied Snake,animal
Short-headed Gartersnake,animal
Eastern Ribbonsnake,animal
Common Gartersnake,animal
Spiny Softshell,animal
Snapping Turtle,animal
Painted Turtle,animal
Wood Turtle,animal
Floodplain Forest,animal
Red Maple-Tamarack Peat Swamp,animal
Dwarf Shrub Bog,animal
Blunt-lobe Grape Fern,animal
Speckled Woodlily,animal
Blue-eyed-Mary,animal
Green Gentian,animal
Shrubby St. John's-wort,animal
Twin-leaf,animal
Butternut,animal
Creamy Wild-pea,animal
Lowland Yellow Loosestrife,animal
Jacob's-ladder,animal
Pod Grass,animal
Culver's-root,animal
Few-seed Sedge,animal
Schweinitz's Sedge,animal
Seal Haul-out Site,animal
Atlantic Needlefish,animal
Inland Silverside,animal
Atlantic Silverside,animal
Sei Whale,animal
Blue Whale,animal
Fin Whale,animal
Northern Right Whale,animal
Humpback Whale,animal
Bottlenose Dolphin,animal
Loggerhead,animal
Green Turtle,animal
Leatherback,animal
Hawksbill Sea Turtle,animal
Kemp's or Atlantic Ridley,animal
Marine Intertidal Gravel/Sand Beach,animal
Marine Rocky Intertidal,animal
Marine Eelgrass Meadow,animal
American Toad,animal
Gray Treefrog,animal
Bullfrog,animal
Green Frog,animal
Spring Peeper,animal
Northern Two-lined Salamander,animal
Eastern Newt,animal
Redback Salamander,animal
Colonial Waterbird Nesting Area,animal
Yellow Bumble Bee,animal
American Burying Beetle,animal
Red-winged Blackbird,animal
Baltimore Oriole,animal
Orchard Oriole,animal
Brown-headed Cowbird,animal
Common Grackle,animal
Northern Cardinal,animal
Indigo Bunting,animal
Rose-breasted Grosbeak,animal
Tufted Titmouse,animal
Black-capped Chickadee,animal
American Crow,animal
Fish Crow,animal
Blue Jay,animal
Yellow-billed Cuckoo,animal
Wood Duck,animal
Mallard,animal
American Black Duck,animal
Gadwall,animal
Canada Goose,animal
Mute Swan,animal
House Finch,animal
American Goldfinch,animal
Eastern Wood-Pewee,animal
Willow Flycatcher,animal
Great Crested Flycatcher,animal
Eastern Phoebe,animal
Eastern Kingbird,animal
Blue-gray Gnatcatcher,animal
Wild Turkey,animal
Ring-necked Pheasant,animal
Spotted Sandpiper,animal
Piping Plover,animal
Killdeer,animal
American Oystercatcher,animal
Herring Gull,animal
Great Black-backed Gull,animal
American Woodcock,animal
Cooper's Hawk,animal
Red-tailed Hawk,animal
Northern Harrier,animal
Peregrine Falcon,animal
American Kestrel,animal
Great Blue Heron,animal
Cattle Egret,animal
Barred Owl,animal
Green Heron,animal
Little Blue Heron,animal
Snowy Egret,animal
Yellow-crowned Night-Heron,animal
Black-crowned Night-Heron,animal
Glossy Ibis,animal
Chimney Swift,animal
Gray Catbird,animal
Northern Mockingbird,animal
Brown Thrasher,animal
Common Nighthawk,animal
White-breasted Nuthatch,animal
House Sparrow,animal
Great Horned Owl,animal
Eastern Screech-Owl,animal
Barn Owl,animal
Monk Parakeet,animal
Double-crested Cormorant,animal
Rock Pigeon,animal
Mourning Dove,animal
Virginia Rail,animal
Clapper Rail,animal
Saltmarsh Sharp-tailed Sparrow,animal
Seaside Sparrow,animal
Swamp Sparrow,animal
Song Sparrow,animal
Savannah Sparrow,animal
Eastern Towhee,animal
Chipping Sparrow,animal
European Starling,animal
Barn Swallow,animal
Bank Swallow,animal
Northern Rough-winged Swallow,animal
Tree Swallow,animal
Wood Thrush,animal
American Robin,animal
Warbling Vireo,animal
White-eyed Vireo,animal
Red-eyed Vireo,animal
Cedar Waxwing,animal
Northern Flicker,animal
Red-bellied Woodpecker,animal
Downy Woodpecker,animal
Hairy Woodpecker,animal
Kentucky Warbler,animal
Common Yellowthroat,animal
Black-and-white Warbler,animal
Hooded Warbler,animal
Yellow Warbler,animal
Pine Warbler,animal
American Redstart,animal
Marsh Wren,animal
Carolina Wren,animal
House Wren,animal
Red-banded Hairstreak,animal
White-m Hairstreak,animal
An Ear Moth,animal
Precious Underwing,animal
Arrowhead Spiketail,animal
Atlantic Needlefish,animal
Shortnose Sturgeon,animal
Atlantic Sturgeon,animal
Northern Long-eared Bat,animal
Italian Wall Lizard,animal
Dekay's Brownsnake,animal
Common Gartersnake,animal
Snapping Turtle,animal
Painted Turtle,animal
Eastern Box Turtle,animal
Slider,animal
Marine Rocky Intertidal,animal
Tidal River,animal
Oak-Tulip Tree Forest,animal
Blunt-lobe Grape Fern,animal
Woolly Lip-fern,animal
Riverbank Quillwort,animal
Tall Thistle,animal
Trinerved White Boneset,animal
False Lettuce,animal
Flax-leaf Whitetop,animal
Coastal Goldenrod,animal
Mexican Seaside Goldenrod,animal
Tall White Aster,animal
Saltmarsh Aster,animal
Slender Saltmarsh Aster,animal
Dune Sandspur,animal
Few-flowered Panic Grass,animal
Velvet Panic Grass,animal
Slender Crabgrass,animal
Tall Flat Panic Grass,animal
Field Beadgrass,animal
Slender Marsh Bluegrass,animal
Prairie Wedgegrass,animal
Swamp Oats,animal
Northern Gama Grass,animal
Puttyroot,animal
Small Yellow Ladyslipper,animal
Large Twayblade,animal
Spring Ladies'-tresses,animal
Nodding Pogonia,animal
Virginia Three-seeded Mercury,animal
Seaside Gerardia,animal
Yellow Giant-hyssop,animal
Swamp Agrimony,animal
Woodland Agrimony,animal
Hairy Angelica,animal
Purple Milkweed,animal
White Milkweed,animal
Whorled Milkweed,animal
Thickleaf Orach,animal
River Birch,animal
Autumnal Water-starwort,animal
Purple Cress,animal
American Bittersweet,animal
Fairy Wand,animal
Large Calyx Goosefoot,animal
Red Pigweed,animal
Rattlebox,animal
Five-angled Field-dodder,animal
Little-leaf Tick-trefoil,animal
Spreading Tick-trefoil,animal
Smooth Tick-trefoil,animal
Nuttall's Tick-trefoil,animal
Stiff Tick-trefoil,animal
Persimmon,animal
Virginia Snakeroot,animal
American Strawberry-bush,animal
Rough Avens,animal
American Alumroot,animal
Wild Hydrangea,animal
Golden-seal,animal
Shrubby St. John's-wort,animal
Wild Potato-vine,animal
Slender Blue Flag,animal
Butternut,animal
Slender Pinweed,animal
Minute Duckweed,animal
Violet Bush-clover,animal
Trailing Bush-clover,animal
Eastern Grasswort,animal
Southern Yellow Flax,animal
Stiff Yellow Flax,animal
Yellow Wild Flax,animal
Gypsy-wort,animal
Sweetbay Magnolia,animal
Winged Monkeyflower,animal
Cut-leaved Evening-primrose,animal
Clustered Bluets,animal
Violet Wood-sorrel,animal
Swamp Lousewort,animal
Carey's Smartweed,animal
Virginia Ground-cherry,animal
Heartleaf Plantain,animal
Erect Knotweed,animal
Slender Knotweed,animal
Spotted Pondweed,animal
Dwarf Sand-cherry,animal
Mock Bishop's-weed,animal
Basil Mountain-mint,animal
Blunt Mountain-mint,animal
Torrey's Mountain-mint,animal
Swamp Buttercup,animal
Small-flowered Crowfoot,animal
Large Marsh-pink,animal
Dwarf Glasswort,animal
Hairy Skullcap,animal
Hyssop-skullcap,animal
Showy Skullcap,animal
Wild Pink,animal
Downy Carrion-flower,animal
Northern Sand-spurry,animal
Narrow-leaf Sea-blite,animal
Purple Meadow-parsnip,animal
Marsh Arrow-grass,animal
Spreading Globeflower,animal
Culver's-root,animal
Southern Arrowwood,animal
Coast Violet,animal
Primrose-leaf Violet,animal
Winter Grape,animal
Large Grass-leaved Rush,animal
Short-fruit Rush,animal
Scirpus-like Rush,animal
Woodland Rush,animal
Spiny Woodrush,animal
Seaside Bulrush,animal
Saltmarsh Bulrush,animal
Thicket Sedge,animal
Emmons' Sedge,animal
Narrow-leaved Sedge,animal
Bicknell's Sedge,animal
Bush's Sedge,animal
Glaucous Sedge,animal
Marsh Straw Sedge,animal
False Hop Sedge,animal
Troublesome Sedge,animal
Muhlenberg's Sedge,animal
Reflexed Sedge,animal
Schweinitz's Sedge,animal
Weak Stellate Sedge,animal
Straw Sedge,animal
Bent Sedge,animal
Cat-tail Sedge,animal
Willdenow's Sedge,animal
Globose Flatsedge,animal
Red-rooted Flatsedge,animal
Yellow Flatsedge,animal
Great Plains Flatsedge,animal
Rusty Flatsedge,animal
Engelmann's Spikerush,animal
Creeping Spikerush,animal
Slender Spikerush,animal
Salt-marsh Spikerush,animal
Whip Nutrush,animal
American Toad,animal
Gray Treefrog,animal
Bullfrog,animal
Green Frog,animal
Pickerel Frog,animal
Northern Leopard Frog,animal
Wood Frog,animal
Spring Peeper,animal
Jefferson Salamander,animal
Spotted Salamander,animal
Hellbender,animal
Dusky Salamander,animal
Allegheny Mountain Dusky Salamander,animal
Northern Two-lined Salamander,animal
Longtail Salamander,animal
Spring Salamander,animal
Eastern Newt,animal
Redback Salamander,animal
Northern Slimy Salamander,animal
Red-winged Blackbird,animal
Bobolink,animal
Baltimore Oriole,animal
Orchard Oriole,animal
Brown-headed Cowbird,animal
Common Grackle,animal
Eastern Meadowlark,animal
Northern Cardinal,animal
Indigo Bunting,animal
Rose-breasted Grosbeak,animal
Scarlet Tanager,animal
Dickcissel,animal
Tufted Titmouse,animal
Black-capped Chickadee,animal
Brown Creeper,animal
American Crow,animal
Common Raven,animal
Fish Crow,animal
Blue Jay,animal
Yellow-billed Cuckoo,animal
Black-billed Cuckoo,animal
Wood Duck,animal
Mallard,animal
Mallard x Am. Black Duck Hybrid,animal
American Black Duck,animal
Canada Goose,animal
Mute Swan,animal
Hooded Merganser,animal
Common Merganser,animal
House Finch,animal
Purple Finch,animal
Pine Siskin,animal
American Goldfinch,animal
Eastern Wood-Pewee,animal
Alder Flycatcher,animal
Least Flycatcher,animal
Willow Flycatcher,animal
Acadian Flycatcher,animal
Great Crested Flycatcher,animal
Eastern Phoebe,animal
Eastern Kingbird,animal
Blue-gray Gnatcatcher,animal
Pied-billed Grebe,animal
Ruffed Grouse,animal
Northern Bobwhite,animal
Wild Turkey,animal
Ring-necked Pheasant,animal
Spotted Sandpiper,animal
Upland Sandpiper,animal
Killdeer,animal
American Woodcock,animal
Cooper's Hawk,animal
Northern Goshawk,animal
Sharp-shinned Hawk,animal
Red-tailed Hawk,animal
Red-shouldered Hawk,animal
Broad-winged Hawk,animal
Turkey Vulture,animal
Northern Harrier,animal
Merlin,animal
Peregrine Falcon,animal
American Kestrel,animal
Bald Eagle,animal
Osprey,animal
Great Blue Heron,animal
American Bittern,animal
Green Heron,animal
Least Bittern,animal
Black-crowned Night-Heron,animal
Ruby-throated Hummingbird,animal
Chimney Swift,animal
Belted Kingfisher,animal
Ruby-crowned Kinglet,animal
Golden-crowned Kinglet,animal
Horned Lark,animal
Gray Catbird,animal
Northern Mockingbird,animal
Brown Thrasher,animal
Common Nighthawk,animal
Red-breasted Nuthatch,animal
White-breasted Nuthatch,animal
House Sparrow,animal
Great Horned Owl,animal
Eastern Screech-Owl,animal
Barred Owl,animal
Barn Owl,animal
Rock Pigeon,animal
Mourning Dove,animal
Common Moorhen,animal
Sora,animal
Virginia Rail,animal
Henslow's Sparrow,animal
Grasshopper Sparrow,animal
Dark-eyed Junco,animal
Swamp Sparrow,animal
Song Sparrow,animal
Savannah Sparrow,animal
Eastern Towhee,animal
Vesper Sparrow,animal
Chipping Sparrow,animal
Field Sparrow,animal
White-throated Sparrow,animal
European Starling,animal
Barn Swallow,animal
Cliff Swallow,animal
Purple Martin,animal
Bank Swallow,animal
Northern Rough-winged Swallow,animal
Tree Swallow,animal
Veery,animal
Hermit Thrush,animal
Wood Thrush,animal
Eastern Bluebird,animal
American Robin,animal
Yellow-throated Vireo,animal
Warbling Vireo,animal
White-eyed Vireo,animal
Red-eyed Vireo,animal
Blue-headed Vireo,animal
Cedar Waxwing,animal
Northern Flicker,animal
Pileated Woodpecker,animal
Red-bellied Woodpecker,animal
Red-headed Woodpecker,animal
Downy Woodpecker,animal
Hairy Woodpecker,animal
Yellow-bellied Sapsucker,animal
Canada Warbler,animal
Kentucky Warbler,animal
Mourning Warbler,animal
Common Yellowthroat,animal
Worm-eating Warbler,animal
Yellow-breasted Chat,animal
Black-and-white Warbler,animal
Nashville Warbler,animal
Louisiana Waterthrush,animal
Northern Waterthrush,animal
Ovenbird,animal
Northern Parula,animal
Black-throated Blue Warbler,animal
Cerulean Warbler,animal
Hooded Warbler,animal
Yellow-rumped Warbler,animal
Prairie Warbler,animal
Yellow-throated Warbler,animal
Blackburnian Warbler,animal
Magnolia Warbler,animal
Chestnut-sided Warbler,animal
Yellow Warbler,animal
Pine Warbler,animal
American Redstart,animal
Black-throated Green Warbler,animal
Golden-winged Warbler,animal
Blue-winged Warbler,animal
Brewster's Warbler,animal
Marsh Wren,animal
Carolina Wren,animal
House Wren,animal
Winter Wren,animal
Precious Underwing,animal
Dusky Dancer,animal
Southern Spreadwing,animal
Lyre-tipped Spreadwing,animal
Comet Darner,animal
Arrowhead Spiketail,animal
Spine-crowned Clubtail,animal
Rapids Clubtail,animal
Cobra Clubtail,animal
Pygmy Snaketail,animal
Spatterdock Darner,animal
Ebony Boghaunter,animal
Quillback,animal
Lake Chubsucker,animal
Swallowtail Shiner,animal
Northern Long-eared Bat,animal
Brook Floater,animal
Yellow Lampmussel,animal
Green Floater,animal
Timber Rattlesnake,animal
Ring-necked Snake,animal
Milksnake,animal
Northern Watersnake,animal
Smooth Green Snake,animal
Red-bellied Snake,animal
Eastern Ribbonsnake,animal
Common Gartersnake,animal
Snapping Turtle,animal
Painted Turtle,animal
Wood Turtle,animal
Common Map Turtle,animal
Eastern Box Turtle,animal
Blunt-lobe Grape Fern,animal
Porter's Reedgrass,animal
Puttyroot,animal
Hooker's Orchid,animal
Downy Wood-mint,animal
Fairy Wand,animal
Harbinger-of-spring,animal
Wild Hydrangea,animal
Great St. John's-wort,animal
Shrubby St. John's-wort,animal
Creamy Wild-pea,animal
Yellow Wild Flax,animal
Wild Lupine,animal
Golden Club,animal
Wild Sweet-william,animal
Indian Physic,animal
Whorled Mountain-mint,animal
Spearwort,animal
Michaux's Blue-eyed-grass,animal
Rough Hedge-nettle,animal
White Basswood,animal
Cork Elm,animal
Goosefoot Corn-salad,animal
Culver's-root,animal
Bird's-foot Violet,animal
American Toad,animal
Gray Treefrog,animal
Bullfrog,animal
Green Frog,animal
Pickerel Frog,animal
Northern Leopard Frog,animal
Wood Frog,animal
Spring Peeper,animal
Western Chorus Frog,animal
Jefferson Salamander,animal
Blue-spotted Salamander,animal
Spotted Salamander,animal
Hellbender,animal
Dusky Salamander,animal
Black-billed Cuckoo,animal
Allegheny Mountain Dusky Salamander,animal
Northern Two-lined Salamander,animal
Longtail Salamander,animal
Spring Salamander,animal
Four-toed Salamander,animal
Mudpuppy,animal
Eastern Newt,animal
Redback Salamander,animal
Northern Slimy Salamander,animal
Wehrle's Salamander,animal
Appalachian Tiger Beetle,animal
Cobblestone Tiger Beetle,animal
Red-winged Blackbird,animal
Bobolink,animal
Baltimore Oriole,animal
Orchard Oriole,animal
Brown-headed Cowbird,animal
Common Grackle,animal
Eastern Meadowlark,animal
Northern Cardinal,animal
Indigo Bunting,animal
Rose-breasted Grosbeak,animal
Scarlet Tanager,animal
Tufted Titmouse,animal
Black-capped Chickadee,animal
Brown Creeper,animal
American Crow,animal
Common Raven,animal
Blue Jay,animal
Yellow-billed Cuckoo,animal
Wood Duck,animal
Green-winged Teal,animal
Blue-winged Teal,animal
Mallard,animal
American Black Duck,animal
Canada Goose,animal
Hooded Merganser,animal
Common Merganser,animal
House Finch,animal
Purple Finch,animal
Pine Siskin,animal
American Goldfinch,animal
Eastern Wood-Pewee,animal
Alder Flycatcher,animal
Least Flycatcher,animal
Willow Flycatcher,animal
Acadian Flycatcher,animal
Great Crested Flycatcher,animal
Eastern Phoebe,animal
Eastern Kingbird,animal
Blue-gray Gnatcatcher,animal
Pied-billed Grebe,animal
Ruffed Grouse,animal
Northern Bobwhite,animal
Wild Turkey,animal
Ring-necked Pheasant,animal
Spotted Sandpiper,animal
Upland Sandpiper,animal
Killdeer,animal
Wilson's Snipe,animal
American Woodcock,animal
Cooper's Hawk,animal
Northern Goshawk,animal
Sharp-shinned Hawk,animal
Red-tailed Hawk,animal
Red-shouldered Hawk,animal
Broad-winged Hawk,animal
Turkey Vulture,animal
Northern Harrier,animal
Merlin,animal
American Kestrel,animal
Bald Eagle,animal
Osprey,animal
Great Blue Heron,animal
American Bittern,animal
Green Heron,animal
Least Bittern,animal
Ruby-throated Hummingbird,animal
Chimney Swift,animal
Belted Kingfisher,animal
Golden-crowned Kinglet,animal
Horned Lark,animal
Gray Catbird,animal
Northern Mockingbird,animal
Brown Thrasher,animal
Common Nighthawk,animal
Red-breasted Nuthatch,animal
White-breasted Nuthatch,animal
House Sparrow,animal
Northern Saw-whet Owl,animal
Great Horned Owl,animal
Eastern Screech-Owl,animal
Barred Owl,animal
Rock Pigeon,animal
Mourning Dove,animal
Common Moorhen,animal
Sora,animal
Virginia Rail,animal
Henslow's Sparrow,animal
Grasshopper Sparrow,animal
Dark-eyed Junco,animal
Swamp Sparrow,animal
Song Sparrow,animal
Savannah Sparrow,animal
Eastern Towhee,animal
Vesper Sparrow,animal
Chipping Sparrow,animal
Field Sparrow,animal
White-throated Sparrow,animal
European Starling,animal
Barn Swallow,animal
Cliff Swallow,animal
Purple Martin,animal
Bank Swallow,animal
Northern Rough-winged Swallow,animal
Tree Swallow,animal
Veery,animal
Hermit Thrush,animal
Swainson's Thrush,animal
Wood Thrush,animal
Eastern Bluebird,animal
American Robin,animal
Yellow-throated Vireo,animal
Warbling Vireo,animal
White-eyed Vireo,animal
Red-eyed Vireo,animal
Blue-headed Vireo,animal
Cedar Waxwing,animal
Northern Flicker,animal
Pileated Woodpecker,animal
Red-bellied Woodpecker,animal
Red-headed Woodpecker,animal
Downy Woodpecker,animal
Hairy Woodpecker,animal
Yellow-bellied Sapsucker,animal
Canada Warbler,animal
Kentucky Warbler,animal
Mourning Warbler,animal
Common Yellowthroat,animal
Worm-eating Warbler,animal
Yellow-breasted Chat,animal
Black-and-white Warbler,animal
Nashville Warbler,animal
Louisiana Waterthrush,animal
Northern Waterthrush,animal
Prothonotary Warbler,animal
Ovenbird,animal
Northern Parula,animal
Black-throated Blue Warbler,animal
Cerulean Warbler,animal
Hooded Warbler,animal
Yellow-rumped Warbler,animal
Prairie Warbler,animal
Yellow-throated Warbler,animal
Blackburnian Warbler,animal
Magnolia Warbler,animal
Chestnut-sided Warbler,animal
Yellow Warbler,animal
Pine Warbler,animal
American Redstart,animal
Black-throated Green Warbler,animal
Golden-winged Warbler,animal
Lawrence's Warbler,animal
Blue-winged Warbler,animal
Brewster's Warbler,animal
Marsh Wren,animal
Carolina Wren,animal
House Wren,animal
Winter Wren,animal
Tawny Crescent,animal
West Virginia White,animal
Regal Fritillary,animal
Lyre-tipped Spreadwing,animal
Southern Pygmy Clubtail,animal
Golden-winged Skimmer,animal
Mocha Emerald,animal
Gray Petaltail,animal
Brindled Madtom,animal
Eastern Sand Darter,animal
Bluebreast Darter,animal
Iowa Darter,animal
Variegate Darter,animal
Channel Darter,animal
Gilt Darter,animal
Longhead Darter,animal
Ohio Lamprey,animal
Mountain Brook Lamprey,animal
Quillback,animal
Streamline Chub,animal
Gravel Chub,animal
Tonguetied Minnow,animal
Bigeye Chub,animal
River Redhorse,animal
Black Redhorse,animal
Blackchin Shiner,animal
Silver Shiner,animal
Northern Long-eared Bat,animal
New England Cottontail,animal
Mucket,animal
Wabash Pigtoe,animal
Wavyrayed Lampmussel,animal
Pocketbook,animal
Eastern Pondmussel,animal
Black Sandshell,animal
Round Pigtoe,animal
Rayed Bean,animal
Coal Skink,animal
Timber Rattlesnake,animal
Ring-necked Snake,animal
Milksnake,animal
Northern Watersnake,animal
Smooth Green Snake,animal
Queen Snake,animal
Dekay's Brownsnake,animal
Red-bellied Snake,animal
Short-headed Gartersnake,animal
Common Gartersnake,animal
Spiny Softshell,animal
Snapping Turtle,animal
Painted Turtle,animal
Wood Turtle,animal
Eastern Box Turtle,animal
Floodplain Forest,animal
Silver Maple-Ash Swamp,animal
Black Spruce-Tamarack Bog,animal
Dwarf Shrub Bog,animal
Inland Poor Fen,animal
Rich Graminoid Fen,animal
Rich Sloping Fen,animal
Confined River,animal
Intermittent Stream,animal
Rocky Headwater Stream,animal
Allegheny Oak Forest,animal
Beech-Maple Mesic Forest,animal
Hemlock-Northern Hardwood Forest,animal
Maple-Basswood Rich Mesic Forest,animal
Rich Mesophytic Forest,animal
Calcareous Shoreline Outcrop,animal
Cobble Shore,animal
Riverside Sand/Gravel Bar,animal
Shale Cliff and Talus Community,animal
Blunt-lobe Grape Fern,animal
Lowland Fragile Fern,animal
Northern Holly-fern,animal
Appalachian Bristle Fern,animal
Appalachian Shoestring Fern,animal
Pale Indian-plantain,animal
Sweet-scented Indian-plantain,animal
Downy Lettuce,animal
Sweet Coltsfoot,animal
Nodding Rattlesnake-root,animal
Bear's-foot,animal
Tall White Aster,animal
Sky-blue Aster,animal
Tall Ironweed,animal
Woodland Bluegrass,animal
Prairie Wedgegrass,animal
Dragon's Mouth Orchid,animal
Southern Twayblade,animal
Hooker's Orchid,animal
Yellow Giant-hyssop,animal
Woodland Agrimony,animal
Hairy Angelica,animal
Tall Bellflower,animal
Mountain Watercress,animal
Big Shellbark Hickory,animal
Scarlet Indian-paintbrush,animal
Fairy Wand,animal
Speckled Woodlily,animal
Rough-leaf Dogwood,animal
Northern Wild Comfrey,animal
Shining Bedstraw,animal
Short-eared Owl,animal
Rough Avens,animal
Great St. John's-wort,animal
Shrubby St. John's-wort,animal
Wild Potato-vine,animal
Twin-leaf,animal
Butternut,animal
Creamy Wild-pea,animal
Basil-balm,animal
Violet Wood-sorrel,animal
Wild Sweet-william,animal
Erect Knotweed,animal
Water-thread Pondweed,animal
Wafer-ash,animal
Giant Pine-drops,animal
Whorled Mountain-mint,animal
Swamp Buttercup,animal
Lake-cress,animal
Hoary Skullcap,animal
Meadow-parsnip,animal
Nodding Trillium,animal
Hiddenfruit Bladderwort,animal
Lesser Bladderwort,animal
Neckweed,animal
Culver's-root,animal
Winter Grape,animal
Woodland Rush,animal
Narrow-leaved Sedge,animal
Northern Clustered Sedge,animal
Carolina Sedge,animal
Creeping Sedge,animal
Emory's Sedge,animal
Elk Sedge,animal
Cloud Sedge,animal
Few-seed Sedge,animal
Schweinitz's Sedge,animal
Weak Stellate Sedge,animal
Cat-tail Sedge,animal
Georgia Bulrush,animal
American Toad,animal
Gray Treefrog,animal
Bullfrog,animal
Green Frog,animal
Pickerel Frog,animal
Northern Leopard Frog,animal
Southern Leopard Frog,animal
Wood Frog,animal
Spring Peeper,animal
Western Chorus Frog,animal
Jefferson Salamander,animal
Jefferson Salamander Complex,animal
Spotted Salamander,animal
Dusky Salamander,animal
Allegheny Mountain Dusky Salamander,animal
Northern Two-lined Salamander,animal
Spring Salamander,animal
Mudpuppy,animal
Eastern Newt,animal
Redback Salamander,animal
Northern Slimy Salamander,animal
Waterfowl Winter Concentration Area,animal
Red-winged Blackbird,animal
Bobolink,animal
Baltimore Oriole,animal
Orchard Oriole,animal
Brown-headed Cowbird,animal
Common Grackle,animal
Eastern Meadowlark,animal
Northern Cardinal,animal
Indigo Bunting,animal
Rose-breasted Grosbeak,animal
Scarlet Tanager,animal
Tufted Titmouse,animal
Black-capped Chickadee,animal
Brown Creeper,animal
American Crow,animal
Common Raven,animal
Fish Crow,animal
Blue Jay,animal
Yellow-billed Cuckoo,animal
Black-billed Cuckoo,animal
Wood Duck,animal
American Wigeon,animal
Blue-winged Teal,animal
Mallard,animal
Mallard x Am. Black Duck Hybrid,animal
American Black Duck,animal
Gadwall,animal
Canada Goose,animal
Trumpeter Swan,animal
Mute Swan,animal
Hooded Merganser,animal
Barn Owl,animal
Common Merganser,animal
Ruddy Duck,animal
Evening Grosbeak,animal
House Finch,animal
Purple Finch,animal